text,label
What documents are required for internship opportunities?,internship
Can students apply for internship opportunities?,internship
Can I apply for multiple internships?,internship
Can I apply for multiple internship opportunities?,internship
How do I apply for the internship program?,internship
Can international students apply for available internships?,internship
How do I edit my application for the internship program?,internship
Where can I find available internships?,internship
How do I create a profile for internships?,internship
What skills are required for the internship program?,internship
How do I apply for internships?,internship
How long does internships last?,internship
Are the internship program paid or unpaid?,internship
How do I create a profile for internships?,internship
Can international students apply for available internships?,internship
Will I get a certificate after an internship on the portal?,internship
How do I apply for an internship?,internship
Can beginners apply for the internship program?,internship
Can students apply for an internship on the portal?,internship
How long does available internships last?,internship
Do an internship on the portal count for academic credit?,internship
Is there a stipend for an internship?,internship
How do I upload my resume for internship opportunities?,internship
Is there a stipend for an internship?,internship
Is there a deadline for internship opportunities?,internship
How do I upload my resume for an internship on the portal?,internship
What are the requirements for internships?,internship
What skills are required for an internship on the portal?,internship
Can I apply for multiple an internship?,internship
How do I edit my application for internship opportunities?,internship
How do I check the status of internship opportunities?,internship
Will I get a certificate after the internship program?,internship
Can international students apply for available internships?,internship
Is there a stipend for an internship?,internship
Is there a stipend for an internship?,internship
Can international students apply for an internship on the portal?,internship
How do I edit my application for internship opportunities?,internship
Can I apply for multiple an internship on the portal?,internship
Are the internship program paid or unpaid?,internship
How do I upload my resume for an internship?,internship
How do I apply for the internship program?,internship
Are the internship program paid or unpaid?,internship
Where can I find the internship program?,internship
Is there a deadline for an internship on the portal?,internship
How do I upload my resume for internship opportunities?,internship
How do I edit my application for the internship program?,internship
Can international students apply for an internship?,internship
How do I edit my application for internship opportunities?,internship
What are the requirements for an internship?,internship
How do I withdraw my application for internships?,internship
Can students apply for available internships?,internship
How do I create a profile for internship opportunities?,internship
Can I apply for multiple available internships?,internship
How do I create a profile for an internship on the portal?,internship
Can beginners apply for the internship program?,internship
What documents are required for available internships?,internship
How do I apply for internships?,internship
Can beginners apply for the internship program?,internship
Can beginners apply for available internships?,internship
Can beginners apply for internship opportunities?,internship
Will I get a certificate after an internship on the portal?,internship
Where can I find internship opportunities?,internship
Is there a stipend for internship opportunities?,internship
Will I get a certificate after internship opportunities?,internship
Where can I find internships?,internship
How do I withdraw my application for an internship on the portal?,internship
What are the requirements for the internship program?,internship
Is there a deadline for an internship on the portal?,internship
How long does internships last?,internship
Is there a stipend for the internship program?,internship
Are internships paid or unpaid?,internship
Can I apply for multiple internship opportunities?,internship
What documents are required for an internship?,internship
Can international students apply for an internship?,internship
What are the requirements for an internship on the portal?,internship
What skills are required for an internship?,internship
Where can I find the internship program?,internship
Is there a deadline for an internship?,internship
Can international students apply for internships?,internship
What skills are required for internships?,internship
How long does internships last?,internship
Can beginners apply for internships?,internship
Can students apply for an internship?,internship
How long does internships last?,internship
Will I get a certificate after internships?,internship
How long does available internships last?,internship
Is there a deadline for internship opportunities?,internship
Are available internships paid or unpaid?,internship
Are internships paid or unpaid?,internship
How do I apply for an internship?,internship
What skills are required for an internship on the portal?,internship
How long does internships last?,internship
What skills are required for the internship program?,internship
Do the internship program count for academic credit?,internship
How do I upload my resume for an internship?,internship
Will I get a certificate after an internship on the portal?,internship
Will I get a certificate after the internship program?,internship
What documents are required for an internship?,internship
How do I apply for an internship?,internship
How long does the internship program last?,internship
How do I upload my resume for an internship on the portal?,internship
Is there a stipend for internship opportunities?,internship
Can international students apply for internship opportunities?,internship
Can students apply for the internship program?,internship
What are the requirements for internships?,internship
How do I check the status of available internships?,internship
Is there a stipend for internships?,internship
Can I apply for multiple an internship on the portal?,internship
What documents are required for available internships?,internship
Where can I find an internship?,internship
How do I upload my resume for an internship?,internship
Can I apply for multiple an internship on the portal?,internship
Can I apply for multiple internships?,internship
How do I check the status of internships?,internship
What skills are required for an internship on the portal?,internship
Can international students apply for an internship?,internship
Is there a deadline for internship opportunities?,internship
Can students apply for an internship on the portal?,internship
How do I check the status of available internships?,internship
Will I get a certificate after internship opportunities?,internship
Is there a stipend for internship opportunities?,internship
How do I create a profile for an internship?,internship
How do I create a profile for internships?,internship
Will I get a certificate after internship opportunities?,internship
Do available internships count for academic credit?,internship
What documents are required for the internship program?,internship
What are the requirements for an internship?,internship
Can beginners apply for available internships?,internship
Can international students apply for available internships?,internship
How do I apply for the internship program?,internship
How do I upload my resume for internships?,internship
Are internships paid or unpaid?,internship
How do I check the status of available internships?,internship
Can international students apply for an internship?,internship
Can beginners apply for an internship on the portal?,internship
How do I upload my resume for available internships?,internship
How do I withdraw my application for the internship program?,internship
Is there a deadline for internship opportunities?,internship
How do I edit my application for available internships?,internship
How do I check the status of an internship?,internship
How do I create a profile for internships?,internship
What documents are required for internships?,internship
Can international students apply for an internship?,internship
What are the requirements for an internship?,internship
How do I upload my resume for an internship?,internship
What skills are required for available internships?,internship
How do I upload my resume for available internships?,internship
What documents are required for an internship?,internship
Can I apply for multiple internships?,internship
Can students apply for an internship on the portal?,internship
Is there a stipend for an internship on the portal?,internship
Can students apply for an internship?,internship
What skills are required for an internship on the portal?,internship
How do I withdraw my application for available internships?,internship
Can I apply for multiple available internships?,internship
What documents are required for available internships?,internship
How do I apply for available internships?,internship
Is there a deadline for internships?,internship
How do I upload my resume for an internship on the portal?,internship
How do I edit my application for an internship on the portal?,internship
How do I edit my application for available internships?,internship
Will I get a certificate after available internships?,internship
How do I edit my application for the internship program?,internship
Can international students apply for available internships?,internship
How do I withdraw my application for an internship on the portal?,internship
How do I edit my application for available internships?,internship
Is there a deadline for internships?,internship
Will I get a certificate after the internship program?,internship
Are an internship on the portal paid or unpaid?,internship
How long does an internship on the portal last?,internship
Where can I find internships?,internship
Can I apply for multiple internships?,internship
Where can I find internship opportunities?,internship
How do I withdraw my application for an internship?,internship
How do I withdraw my application for internship opportunities?,internship
Can I apply for multiple available internships?,internship
How do I upload my resume for internship opportunities?,internship
What skills are required for an internship on the portal?,internship
Will I get a certificate after the internship program?,internship
How do I check the status of internship opportunities?,internship
What are the requirements for internship opportunities?,internship
Can beginners apply for available internships?,internship
How do I apply for internship opportunities?,internship
How do I upload my resume for internships?,internship
How do I create a profile for available internships?,internship
What skills are required for an internship on the portal?,internship
What are the requirements for an internship on the portal?,internship
Will I get a certificate after an internship on the portal?,internship
How long does internships last?,internship
Are the internship program paid or unpaid?,internship
Do the internship program count for academic credit?,internship
What skills are required for internship opportunities?,internship
How do I apply for an internship on the portal?,internship
How do I apply for internship opportunities?,internship
Is there a deadline for an internship on the portal?,internship
Are internship opportunities paid or unpaid?,internship
Do available internships count for academic credit?,internship
How do I check the status of internships?,internship
What are the requirements for available internships?,internship
Are an internship paid or unpaid?,internship
Can beginners apply for the internship program?,internship
How do I upload my resume for an internship on the portal?,internship
How do I edit my application for the internship program?,internship
Can international students apply for internships?,internship
Will I get a certificate after the internship program?,internship
Will I get a certificate after internship opportunities?,internship
Can students apply for internships?,internship
Do an internship on the portal count for academic credit?,internship
How do I edit my application for the internship program?,internship
How long does internship opportunities last?,internship
How do I create a profile for an internship on the portal?,internship
Is there a deadline for an internship on the portal?,internship
How do I check the status of an internship?,internship
How do I check the status of an internship?,internship
How long does an internship last?,internship
How do I check the status of an internship on the portal?,internship
How do I check the status of internships?,internship
Do available internships count for academic credit?,internship
Do the internship program count for academic credit?,internship
How long does internship opportunities last?,internship
Where can I find an internship on the portal?,internship
Can beginners apply for an internship on the portal?,internship
Can I apply for multiple available internships?,internship
Can international students apply for the internship program?,internship
Do the internship program count for academic credit?,internship
Can I apply for multiple an internship on the portal?,internship
What are the requirements for the internship program?,internship
Can beginners apply for the internship program?,internship
Can international students apply for an internship?,internship
How do I create a profile for an internship?,internship
How do I create a profile for an internship?,internship
Are the internship program paid or unpaid?,internship
How do I withdraw my application for an internship?,internship
Can international students apply for internships?,internship
Is there a deadline for internships?,internship
Where can I find an internship?,internship
How do I withdraw my application for internships?,internship
What are the requirements for an internship on the portal?,internship
Is there a deadline for an internship?,internship
Will I get a certificate after internship opportunities?,internship
Is there a stipend for internship opportunities?,internship
What documents are required for internships?,internship
Can I apply for multiple internship opportunities?,internship
Is there a stipend for the internship program?,internship
Can students apply for available internships?,internship
How do I check the status of an internship on the portal?,internship
What are the requirements for an internship on the portal?,internship
Where can I find internships?,internship
How do I withdraw my application for internship opportunities?,internship
How do I upload my resume for available internships?,internship
Can international students apply for available internships?,internship
What are the requirements for the internship program?,internship
How do I edit my application for available internships?,internship
Is there a stipend for an internship on the portal?,internship
How do I create a profile for an internship?,internship
How long does internship opportunities last?,internship
Will I get a certificate after the internship program?,internship
How do I withdraw my application for internship opportunities?,internship
What are the requirements for internship opportunities?,internship
Can international students apply for the internship program?,internship
Is there a stipend for internships?,internship
Can beginners apply for an internship on the portal?,internship
Where can I find the internship program?,internship
What skills are required for an internship on the portal?,internship
What are the requirements for internships?,internship
How do I upload my resume for an internship on the portal?,internship
Do available internships count for academic credit?,internship
Is there a stipend for an internship?,internship
Can international students apply for internships?,internship
How do I check the status of available internships?,internship
How do I upload my resume for the internship program?,internship
Can I apply for multiple the internship program?,internship
Where can I find the internship program?,internship
Can international students apply for internship opportunities?,internship
Can I apply for multiple an internship on the portal?,internship
How do I check the status of internships?,internship
How do I edit my application for internships?,internship
How do I check the status of internships?,internship
How do I check the status of the internship program?,internship
How long does the internship program last?,internship
Can I apply for multiple the internship program?,internship
What are the requirements for available internships?,internship
Are the internship program paid or unpaid?,internship
Can I apply for multiple internships?,internship
Will I get a certificate after available internships?,internship
What documents are required for internship opportunities?,internship
Can beginners apply for an internship?,internship
Can international students apply for internship opportunities?,internship
How do I edit my application for the internship program?,internship
Are internship opportunities paid or unpaid?,internship
Is there a deadline for the internship program?,internship
What skills are required for available internships?,internship
How do I check the status of available internships?,internship
Can students apply for internships?,internship
Are the internship program paid or unpaid?,internship
How do I apply for an internship on the portal?,internship
How do I withdraw my application for the internship program?,internship
What documents are required for internship opportunities?,internship
How long does the internship program last?,internship
Is there a deadline for available internships?,internship
What is quantum computing?,other
Who invented the telephone?,other
What is cybersecurity?,other
Write a python program for sorting,other
Explain deep learning,other
What are the benefits of yoga?,other
How to start a business?,other
Give me a motivational quote,other
Tell me about space exploration,other
Explain blockchain technology,other
Who is the president of the United States?,other
How to lose weight fast?,other
Tell me a funny story,other
What is the capital of France?,other
Who won the last cricket world cup?,other
How to lose weight fast?,other
Explain machine learning,other
Tell me about space exploration,other
Who won the last cricket world cup?,other
Explain deep learning,other
Explain machine learning,other
What is the capital of France?,other
Who won the last cricket world cup?,other
Who won the last cricket world cup?,other
Who invented the telephone?,other
Write a poem about the moon,other
Who invented the telephone?,other
Write a python program for sorting,other
Give me a motivational quote,other
Explain blockchain technology,other
Give me a motivational quote,other
Who won the last cricket world cup?,other
Explain blockchain technology,other
Tell me a funny story,other
Write a poem about the moon,other
What is the weather today?,other
Write a python program for sorting,other
What are the benefits of yoga?,other
Who invented the telephone?,other
Explain machine learning,other
Tell me a funny story,other
Tell me a funny story,other
Tell me about space exploration,other
Who invented the telephone?,other
How to cook pasta?,other
What is artificial intelligence?,other
Write a python program for sorting,other
How to start a business?,other
Write a poem about the moon,other
What is the capital of France?,other
What is artificial intelligence?,other
Tell me about history of India,other
What is the meaning of life?,other
Explain deep learning,other
Tell me a joke,other
Who won the last cricket world cup?,other
How to start a business?,other
Tell me about history of India,other
How to cook pasta?,other
What is cybersecurity?,other
Explain machine learning,other
How to lose weight fast?,other
Who invented the telephone?,other
How to lose weight fast?,other
Write a poem about the moon,other
Give me a motivational quote,other
What is cybersecurity?,other
How to make pizza?,other
Who is the richest person in the world?,other
Explain deep learning,other
What are the benefits of yoga?,other
Explain deep learning,other
What is the weather today?,other
What is the meaning of life?,other
How to cook pasta?,other
Give me a motivational quote,other
Who invented the telephone?,other
How to lose weight fast?,other
Tell me about space exploration,other
Explain deep learning,other
Give me a motivational quote,other
Who won the last cricket world cup?,other
How to cook pasta?,other
Write a poem about the moon,other
Tell me a funny story,other
Write a poem about the moon,other
How to lose weight fast?,other
What is cybersecurity?,other
Tell me about space exploration,other
How to start a business?,other
What is the weather today?,other
Tell me a joke,other
Write a python program for sorting,other
Who is the president of the United States?,other
Give me a motivational quote,other
Tell me a joke,other
What is cybersecurity?,other
Tell me a joke,other
What is quantum computing?,other
Who is the richest person in the world?,other
What is quantum computing?,other
Tell me about history of India,other
Give me a motivational quote,other
What is the capital of France?,other
How to lose weight fast?,other
Who invented the telephone?,other
How to cook pasta?,other
How to start a business?,other
What is quantum computing?,other
Who invented the telephone?,other
Who is the president of the United States?,other
How to make pizza?,other
Write a python program for sorting,other
Explain blockchain technology,other
What is cybersecurity?,other
How to cook pasta?,other
How to lose weight fast?,other
Tell me a funny story,other
Write a python program for sorting,other
Tell me a funny story,other
What is artificial intelligence?,other
How to cook pasta?,other
What is artificial intelligence?,other
What are the benefits of yoga?,other
How to start a business?,other
How to start a business?,other
Who invented the telephone?,other
Give me a motivational quote,other
What is quantum computing?,other
How to cook pasta?,other
How to lose weight fast?,other
Tell me about history of India,other
How to lose weight fast?,other
Tell me about space exploration,other
Who is the richest person in the world?,other
Tell me about history of India,other
How to start a business?,other
Who invented the telephone?,other
Explain blockchain technology,other
How to cook pasta?,other
Explain blockchain technology,other
Write a poem about the moon,other
What are the benefits of yoga?,other
Write a poem about the moon,other
Tell me about history of India,other
What is artificial intelligence?,other
Explain deep learning,other
Tell me a funny story,other
What are the benefits of yoga?,other
What is cybersecurity?,other
Write a poem about the moon,other
Tell me a funny story,other
Explain machine learning,other
Who won the last cricket world cup?,other
How to start a business?,other
Who invented the telephone?,other
What is quantum computing?,other
Tell me a funny story,other
Write a python program for sorting,other
Who won the last cricket world cup?,other
What is cybersecurity?,other
What is the weather today?,other
Explain deep learning,other
What is cybersecurity?,other
Explain blockchain technology,other
What is quantum computing?,other
Write a python program for sorting,other
Give me a motivational quote,other
Explain deep learning,other
What is the capital of France?,other
Give me a motivational quote,other
Tell me about history of India,other
What is artificial intelligence?,other
What is the meaning of life?,other
Who is the president of the United States?,other
How to cook pasta?,other
What is quantum computing?,other
What is the capital of France?,other
What is the capital of France?,other
Tell me about history of India,other
Write a python program for sorting,other
What is cybersecurity?,other
How to cook pasta?,other
Who won the last cricket world cup?,other
What is the weather today?,other
Give me a motivational quote,other
Tell me a joke,other
Who invented the telephone?,other
Tell me a funny story,other
Tell me a funny story,other
How to start a business?,other
Write a poem about the moon,other
Explain blockchain technology,other
Tell me a funny story,other
Write a python program for sorting,other
Who won the last cricket world cup?,other
Write a poem about the moon,other
What is the meaning of life?,other
How to make pizza?,other
Tell me about history of India,other
hi,greeting
hello,greeting
hey,greeting
bye,greeting
suggest internships for me,recommendation
recommend internships,recommendation
what should I apply for,recommendation
based on my profile suggest internships,recommendation
suggest some internships,recommendation
internships suitable for me,recommendation
which internships should I apply for,recommendation
give me internship recommendations,recommendation
find internships for my profile,recommendation
what internships match my skills,recommendation
recommend some roles for me,recommendation
best internships for my background,recommendation
what opportunities should I apply to,recommendation
suggest opportunities for me,recommendation
which companies should I apply to for internships,recommendation
internship ideas for me,recommendation
what roles fit my profile,recommendation
can you suggest internships based on my resume,recommendation
what should I apply for as a student,recommendation
recommend career opportunities for me,recommendation
what internships are good for me,recommendation
suggest internships in my field,recommendation
help me choose internships,recommendation
what kind of internships should I look for,recommendation
recommend me some internships based on my skills,recommendation
which internship domain should I choose,recommendation
what are good internships for cse students,recommendation
suggest internships for beginners,recommendation
what internships can I get with my skills,recommendation
what is the best internship for a cse student,recommendation
which internship is best for beginners,recommendation
how do I choose the right internship,recommendation
what type of internship should I do,recommendation
which field internship should I go for,recommendation
what internships are in demand,recommendation
which internships have good career growth,recommendation
what internships should I do in second year,recommendation
what internships should I do in third year,recommendation
what are the best internships for freshers,recommendation
which internships are easy to get,recommendation
what internships pay the most,recommendation
which internships are good for placements,recommendation
what internships should I do for my resume,recommendation
which internships help in getting a job,recommendation
good morning,greeting
good evening,greeting
good afternoon,greeting
hey there,greeting
hi there,greeting
hello there,greeting
yo,greeting
hiya,greeting
heyy,greeting
hii,greeting
hello buddy,greeting
hey buddy,greeting
hi bot,greeting
hello assistant,greeting
hey assistant,greeting
greetings,greeting
what's up,greeting
sup,greeting
hey what's up,greeting
hi how are you,greeting
hello how are you,greeting
hey how's it going,greeting
nice to meet you,greeting
pleased to meet you,greeting
good to see you,greeting
suggest internships in ai,recommendation
recommend internships for cybersecurity,recommendation
what internships should I do as a beginner,recommendation
best internships for computer science students,recommendation
suggest internships for web development,recommendation
what internships are good for ai ml,recommendation
recommend internships for cloud computing,recommendation
what internships should I do for data science,recommendation
suggest internships for software engineering,recommendation
which internships are best for third year students,recommendation
what internships should I do for placements,recommendation
suggest internships for resume building,recommendation
what internships should I do in second year cse,recommendation
recommend internships for beginners in programming,recommendation
what internships can help me get a job,recommendation
suggest internships in blockchain,recommendation
what internships should I do for cybersecurity,recommendation
recommend internships in full stack development,recommendation
what internships are best for freshers in tech,recommendation
suggest internships based on my coding skills,recommendation
which internships should I target as a student,recommendation
what internships are best for skill development,recommendation
suggest internships for learning real world skills,recommendation
recommend internships in machine learning,recommendation
what internships should I choose for my career,recommendation